,0,1
0,-47.701878659586804,14.53981855257111
1,-47.40587899043039,14.902643405892904
2,-46.90303679156119,15.361979620070201
3,-46.40035066357854,15.872577717065228
4,-45.82042711612958,16.34176922891405
5,-44.947314571660144,17.19539959118114
6,-44.24220294859537,17.646754889455327
7,-43.346269348428365,18.18817335011666
8,-42.25295414564154,18.699451254610793
9,-41.29703538587149,19.086832364685392
10,-40.428510089193274,19.4823227316735
11,-38.11790667412484,20.28791002468927
12,-36.73136808540598,20.681901918291125
13,-35.34068796076093,21.075748350087554
14,-34.455055283573564,21.327270764685906
15,-32.895416090751425,21.63371302403372
16,-31.759277681070223,21.981781860061854
17,-2.203153398625232,39.27809808948016
18,-0.6835903651118145,39.469675832851095
19,0.33536071303568404,39.600910073446435
20,2.5231555343040446,39.652251799436826
21,4.101813842789689,39.79701715696501
22,5.29813841838383,39.99415194936656
23,6.686894412268361,40.02193862421466
24,8.292906448046251,39.69729483411182
25,9.28636237182288,39.37897666647873
26,11.810983245759735,38.63494216101797
27,14.444750330573756,38.041431842388285
28,15.196007184337349,37.82301999757114
29,17.74668216072688,36.77025043104857
30,-46.062066760174424,11.989620318424492
31,-45.834094922175204,12.344321322697473
32,-45.35318305589799,12.587611627556825
33,-44.941834087586734,13.64675833555876
34,-44.331452115914544,13.976884316639087
35,-43.37240850619876,14.868378305823303
36,-42.49593162881439,15.707287862292027
37,-41.630671001526636,16.281784330211025
38,-40.88737686654454,17.063148157908053
39,-39.22932347029047,17.57468068870581
40,-38.55444756467853,17.943012241041345
41,-37.60950312290984,18.390820004677185
42,-35.928289512128465,19.49185019370707
43,-34.8019085255702,19.873551973250194
44,-33.85011351428548,20.306263278755043
45,-32.3457915010462,20.66645955207318
46,-30.92467012426581,21.09787156029583
47,-2.0215778091785674,38.43862137036149
48,-0.4546739318643183,38.795273505562186
49,0.8680584273850726,38.974632971161604
50,2.739666039903529,38.985710626904456
51,4.993037921535613,38.78103352870791
52,6.665325694408983,38.5457038708408
53,7.755455400064991,38.56080681072772
54,8.797522286309665,38.515718544715206
55,9.95910033689894,38.33859449452952
56,12.95320913414799,38.21044134946482
57,13.824402236667229,38.10667470956835
58,16.359002582480137,37.37792961426625
59,17.4216114437357,37.115259623977785
60,-47.05291947552864,13.183943910787912
61,-46.71253188491792,13.490024524127671
62,-46.23779965170089,13.972727985129517
63,-45.647946335157485,14.519540875537684
64,-44.883106798680735,14.899130319335251
65,-44.17155798595728,15.381089115366574
66,-43.54172701181494,15.95122919266952
67,-42.3945922433697,16.93389972569022
68,-41.448139398728046,17.404965577628253
69,-40.568952600477694,17.971023633467844
70,-39.60166822104278,18.592140283493045
71,-38.11529186323487,19.259980093048387
72,-36.2995939660239,19.62304565002692
73,-35.15632571600766,19.8548896794093
74,-33.900762596439876,20.06251950111081
75,-32.51909638926873,20.475605158118526
76,-31.264931592756568,21.052784382732725
77,-2.4118242623408843,38.29317606717962
78,-1.0331320009108977,38.38422458317118
79,0.2506472972165186,38.55827521907992
80,1.7982673289582087,38.885986199242396
81,4.1645152218368,38.96834189228477
82,5.624812572936237,39.20588255596464
83,6.502947785581797,39.371261838544996
84,7.747039427831553,39.58471734488805
85,10.083987698042836,39.32039051965785
86,11.149576692947406,38.90894207762563
87,14.31488477803156,37.289784432495836
88,14.842916638611907,37.144714041812136
89,18.041596284391595,36.42296010885906
90,-24.354357966741908,31.464619087585216
91,-24.134581638340194,31.61556182676229
92,-23.75006991885228,31.636746587306856
93,-23.703747658472366,32.249734291003165
94,-23.39048175718678,32.39111133143481
95,-22.645716511616218,32.217168832471486
96,-22.448059181045327,32.75335100438516
97,-21.93285668141148,32.8064183140655
98,-21.45382123793156,32.71331943140653
99,-21.30879282348264,33.27736060283861
100,-20.77324645469208,33.09633725219147
101,-20.335647095293524,33.47306587903458
102,-19.743278195722528,33.53178023160829
103,-19.29346708355464,33.68275564460554
104,-18.83564029084424,33.79554900982727
105,-18.182694790662925,33.95930670439716
106,-17.594618065885413,34.09447573175999
107,-16.610812628179247,34.327305445153954
108,-16.063487652529822,34.421336278215385
109,-15.54764814852293,34.523564797612806
110,-14.927891190000848,34.63822937802844
111,-14.178211947605888,34.757850571408696
112,-13.797943872662612,34.91271467837901
113,-13.289360614946116,34.897959341806406
114,-12.921007421128493,35.09662622310557
115,-12.421701798284657,35.142156737220425
116,-11.959299045276108,35.209492254602246
117,-11.109738961012534,35.370549683896904
118,-10.50085027069217,35.43418972555575
119,-10.305281043999171,35.44431842456991
120,-42.77468726642689,9.703505966785979
121,-43.11202124292855,9.226532258597176
122,-42.891914720573226,8.951858670163174
123,-42.49888592830203,8.353493603265512
124,-42.05307603322222,7.977484561477651
125,-41.60566552609373,7.66726134806253
126,-41.31120077955868,7.515487267118456
127,-38.52764957089461,15.647254771346395
128,-38.18816164992863,15.875610157184411
129,-37.34750013307769,16.334207243056117
130,-36.64237872336236,16.71616053093921
131,-35.3469522669732,17.387009344496583
132,-34.37375793282309,17.81460480419576
133,-32.2995293090406,18.513366095784697
134,-31.513953405077444,18.777033157285196
135,-30.468630599083838,19.147709375907418
136,-29.685301592175932,19.418147805724544
137,-1.4741039991141316,34.71736752100069
138,2.229197796659982,34.33012989196999
139,2.8915721372773815,34.29724884425229
140,4.08519021258824,34.3315174181359
141,8.642052048207061,32.819877242195986
142,9.199934589113155,32.97945768809631
143,9.663238079834134,33.12044877625621
144,11.111322615727303,33.201116341029014
145,12.623739197282442,33.31111788530875
146,13.724394403202295,33.44702619386726
147,20.149214263035688,34.02109636895222
148,20.427230842911364,34.073844338729096
149,21.153859349819975,34.154164715684615
150,-41.152565257385014,10.220914685563592
151,-40.841928507344214,10.15370209990297
152,-40.47703754941072,10.029249554642055
153,-39.77164720158286,9.81923119428177
154,-39.261511756049615,9.807071165924661
155,-38.56323983068933,10.007484790929476
156,-37.78063509983987,10.114951925697865
157,-36.62027355037581,11.33746060706613
158,-36.05476905769966,11.61985036088502
159,-35.38499149484833,12.053553896241045
160,-34.676382636623664,12.435695711530224
161,-33.478101781165314,13.063438642041438
162,-32.503826630260264,13.613694713336292
163,-31.220721086872434,14.168063148364853
164,-30.603481335772127,14.51839671969919
165,-29.77856464577462,14.966959496059056
166,-29.0125277028449,15.239769390071421
167,-1.0877061898663065,36.245841850684045
168,-0.1887708100203538,36.15086372863992
169,0.6153403247825896,36.07486365825026
170,1.6992276939073656,36.090152470739376
171,4.963649402891202,35.965078777147525
172,5.902529483903594,35.888356972652275
173,6.605648366444179,35.85500232323613
174,7.736472422233136,35.79290512222711
175,9.601270379274437,35.72510123732125
176,10.287647753507647,35.742981601598316
177,16.34304171997898,34.47159565237165
178,16.519411711913573,34.44898764247178
179,19.22508172752236,34.86386794368379
180,-36.165837189995074,6.625952044786009
181,-36.168645000211086,6.833706567120106
182,-35.77258545655919,6.804597661594528
183,-35.01730520781866,6.168061567453279
184,-35.25935792360443,7.035682180155478
185,-35.132737706211515,7.993684019510652
186,-34.949196606718225,8.556586371783359
187,-34.791656061103694,9.104252989622383
188,-34.0527960435407,8.963732244337415
189,-33.59036852660968,9.008582906952276
190,-33.310866443680666,9.409225203647171
191,-32.159912235934165,11.55232555331089
192,-31.780873499641125,12.059707256518779
193,-31.311540884872375,12.854307679447944
194,-29.446548380650782,16.54715891529328
195,-28.985687795540635,16.94101106471145
196,-28.459895990410953,17.35822233932269
197,-0.47555759368642353,33.88220216974766
198,0.26507131735741823,33.8696645452852
199,0.8166899232110006,33.85508156742448
200,3.818808392766019,33.45721771689556
201,5.720834153891226,33.61002436307422
202,6.703219505306844,33.62545184579154
203,7.815967311046636,33.81417458134628
204,8.573107933947837,33.99234657116884
205,11.197521242123221,33.983611090710006
206,12.640817014026213,33.957691642461675
207,14.875755203596972,33.607657879303154
208,15.043280299846101,33.584851882095364
209,20.8591217401009,34.46882111616845
210,-44.93063437358304,0.5363187087209409
211,-44.477553480464536,0.6587695138415381
212,-44.187705137742704,1.1733045364072396
213,-43.72658870753532,1.6380625730282659
214,-43.23079119889385,2.046003866363797
215,-42.66245241491022,2.379828500556474
216,-41.44896572652095,3.040530100893944
217,-41.01408386871985,3.478104268233547
218,-40.65325301940497,3.8173865861218643
219,-21.92447624242579,20.096734811085653
220,-21.360112505855685,20.229481306291497
221,-20.587341804572795,20.342654944283908
222,-19.746604870730646,20.383382995915508
223,-19.014999613132048,20.407061210643644
224,-18.40955138061222,20.45287707114977
225,-16.889100031476644,20.7245098457067
226,-16.147294556261816,20.952548111944907
227,-13.452012881887404,22.290081103242603
228,-12.228728034526982,23.077704872020277
229,-11.520920223283294,23.705318666512103
230,-10.452344279371111,25.179604036215817
231,-9.659339656779595,26.160802978138864
232,-9.09987970755753,26.65370263327396
233,-8.401707922622188,27.517310815177378
234,-7.848645453696152,28.063194435795257
235,-7.110906395402549,28.71505770380727
236,-6.242332950803345,29.632192944225544
237,-5.695633626059101,30.309580219790863
238,-4.993824235357389,31.228521589817593
239,-4.734065421655754,31.69241669817098
240,-43.97059344968613,-1.5985867994864211
241,-43.77589785916514,-1.445848186579341
242,-43.16759726019792,-1.0648042298682805
243,-42.61816720521421,-0.6593270259581495
244,-42.00931517549032,-0.1618273555304226
245,-41.32731380715198,0.4062872203973049
246,-40.65864443764596,0.9654251192508122
247,-39.920905145042155,1.5644227167345353
248,-39.19156948330572,2.171103545497105
249,-38.62754051732903,2.646951570695393
250,-38.19034455990018,2.972364568017924
251,-24.218853955368754,14.13427480101847
252,-23.571467104006054,14.244106758642069
253,-22.799297632959547,14.309959725827522
254,-22.177508815490413,14.324076581654433
255,-20.504498896806684,14.329811406960307
256,-19.864929799548612,14.361930311276856
257,-9.945259147081844,17.564948062410977
258,-9.024075136572645,18.094653067454445
259,-8.338401083015448,18.56729325432419
260,-1.3659544118553522,22.554743209674747
261,-0.21090796439394893,23.794853894830347
262,0.3510848460566168,24.216498710780147
263,1.352006852458066,25.14577467410243
264,2.033012812263901,25.783783452971953
265,2.5415883901885317,26.271735024428942
266,13.862950790357546,29.055933350500638
267,15.272453918535815,29.83890416321512
268,15.646797818641216,30.023547141581464
269,17.243511241343413,30.861193700276832
270,-40.15526474497606,-8.332322666655593
271,-40.02942108378254,-8.027542921345969
272,-39.66022885157349,-7.575132221793239
273,-39.28351059053231,-7.0906822412665464
274,-38.752848125683194,-6.440702498872315
275,-37.950123753320156,-5.438132727282384
276,-37.377800889656804,-4.754064473763293
277,-36.71008086315475,-3.9814571651103012
278,-36.25396167088248,-3.4605389102695536
279,-32.94240382891762,1.3004554532710042
280,-32.633316200205726,1.5347364772238534
281,-31.995639142603594,2.143126369952389
282,-24.214789132196714,9.399549385194792
283,-23.500534538044892,9.703729509826282
284,-22.914671093945664,9.97120771447645
285,-21.408676519702453,10.64419302304638
286,-20.66792186645163,11.062018701274798
287,-5.901730534916992,18.425749153061098
288,-5.195629578399595,18.70631883600972
289,-4.056204130684015,19.219611365606717
290,-3.4093820921434785,19.502378967736163
291,5.616025572488753,27.31088661456896
292,6.239754787562941,27.354309635277016
293,7.25011419619996,27.481780663939347
294,7.8948152295705984,27.56262022542323
295,10.72497957002909,28.160593921244313
296,11.38045009954361,28.52683391619639
297,19.104317168838467,29.980213565661334
298,19.40091505615653,30.06278627484142
299,23.326320580545502,28.849925034114392
300,-25.866730641839847,26.81494081431039
301,-25.638690364394062,26.699929582052096
302,-25.27863574267554,26.499499169645322
303,-24.800921663591122,26.204812041235957
304,-24.444900671175095,25.963560071327493
305,-23.757423033835465,25.4683881638193
306,-23.34543812981178,25.165410371584013
307,-22.699243092978104,24.672845503195962
308,-22.22159172163036,24.321673983774375
309,-21.79859306874792,24.02984184113674
310,-21.19859206942102,23.685869015646773
311,-20.31270133267006,23.267092685227254
312,-19.470927877203046,22.956551474876765
313,-18.736827191343043,22.759049853054794
314,-18.04338192034261,22.649088560025643
315,-17.07642688546819,22.52212065511581
316,-15.765540462727085,22.545477755399805
317,-14.24381697122864,22.954148634530483
318,-13.13414345930431,23.501116135359137
319,-12.369416687175367,23.93948386777217
320,-11.018638626078843,24.45207900490282
321,-9.528524521823543,25.210871106970668
322,-8.869117771750986,25.67536264258061
323,-8.035611027538799,26.485690644018167
324,-7.310130762437358,27.147539784695805
325,-6.637365416435643,27.774842576895523
326,-6.048262084404264,28.512416411559553
327,-4.885535898220707,29.65754736616647
328,-4.711209112345913,29.96582627057377
329,-4.379903210015984,31.11497939250363
330,-41.968747000106745,-3.8654757177444834
331,-41.65006361380182,-3.5914293244898237
332,-41.16257812458911,-3.1951010917028206
333,-40.47910152857192,-2.615288336500806
334,-39.84347100934066,-2.089652108476157
335,-39.07711473467856,-1.4301769661689376
336,-38.3618991439234,-0.8459783356458838
337,-37.59614811885331,-0.24856580794563535
338,-36.87728068054635,0.24364200261591296
339,-36.166040975856184,0.6895523431863969
340,-28.923572295758994,5.254640836055526
341,-28.322088963275725,5.74571414216058
342,-27.628665929810392,6.290773188846799
343,-27.083392549228037,6.673841530477456
344,-26.792698265796858,6.853019784451575
345,-18.314089480435182,13.067934379322477
346,-17.985167293702133,13.214664758962476
347,-9.663695312843961,16.56953936363078
348,-8.639570073214829,16.93322608307149
349,-7.960436489552787,17.434535244549455
350,-1.686754158372626,21.267283549742544
351,0.133331602731995,22.760322619839425
352,0.7708188487616303,23.319757834695412
353,1.5790476239961189,24.020805237897633
354,2.314233006872662,24.847346500742653
355,2.9135482539949087,25.548213940317638
356,13.491321048246991,28.401610065341078
357,15.117268693159376,28.79771630898993
358,15.537709594115128,28.94476641162462
359,17.019244248973898,30.21539621719342
360,-37.4993645929805,-11.773355013267237
361,-37.58696553226196,-10.7814137378062
362,-36.76810477996312,-10.13004974474358
363,-36.68027442376899,-8.688616552397795
364,-35.97703594743819,-7.908957847816938
365,-35.35361553305305,-6.426222218570181
366,-34.84309351686296,-5.3248622034921524
367,-33.918114849313035,-3.7106321491694083
368,-33.32396348464816,-2.8740366932577723
369,-32.530900493582244,-1.8487635761848737
370,-31.659010462249917,-0.727644341659761
371,-30.790124761299186,0.20193701430579167
372,-22.620108622347153,7.3656359019300375
373,-21.63441892533893,7.981483237156963
374,-20.75086331298823,8.530479503851282
375,-18.959743547423543,9.442062629781972
376,-17.39357825185912,9.955781251135075
377,-6.370537286586309,15.981103780168452
378,-4.566239033730175,16.56984769958629
379,-2.936713703703609,18.08322983778161
380,-1.6445793244032982,18.825328174725556
381,5.692786000050451,25.12881185394515
382,6.739997482251231,25.268373813338037
383,8.073100340041734,25.683556588147074
384,10.137627116604532,26.351900894151242
385,11.345206226083882,26.541753802484205
386,17.76042177290272,28.052038233086453
387,19.50437263825953,28.50492909357009
388,20.28692856144031,28.65225194129879
389,23.802119743382217,27.805123272917303
390,-37.21622686718853,-11.923128008071812
391,-37.27060592635147,-10.965774731360398
392,-37.38793176477128,-9.77975879307141
393,-37.11894012399065,-8.365285710886889
394,-36.68471554748824,-7.492341721804547
395,-36.04107475843777,-6.48430889111126
396,-35.27624299462102,-5.610176244223851
397,-33.68754381115152,-4.09144619125402
398,-33.148847584045306,-2.809342683251019
399,-32.22122787850267,-1.8103893272072358
400,-31.329484418849237,-0.782218660333644
401,-30.593836749766563,0.13604346502962925
402,-22.456425369889633,7.194567911985238
403,-21.55311900271852,7.6439414989647245
404,-20.501456702485292,8.435891903602247
405,-18.945896288185534,9.2933685507089
406,-17.232227884150305,9.901585776375187
407,-6.243271982599217,15.912528615623701
408,-4.383089613917732,16.571367952768938
409,-3.3103996476792608,17.178038773126342
410,-1.5179628799781753,18.204930291865637
411,5.723093714093221,24.679846034376716
412,7.053428348734786,24.93094150057325
413,8.342105997006469,25.39338865010676
414,10.180838009940855,26.087472259852593
415,11.45892519464959,26.38285790429892
416,17.73016537607901,27.915786963849488
417,19.58663567517683,28.517219806296318
418,20.151548554860838,28.84566333171447
419,23.81427038230681,27.830878944088653
420,-36.080944657202934,-12.439814861623454
421,-35.580164410189866,-11.88207397293635
422,-34.93568293645458,-11.185698228299056
423,-34.236652941836134,-10.28488324774055
424,-33.72072118140095,-9.455308960321393
425,-33.36417437910804,-8.792682011679574
426,-33.180547040709065,-8.33891472113294
427,-28.121772389465967,0.31778297290567387
428,-27.98832298571411,0.7412261940522977
429,-27.743778333058934,1.5331627887686448
430,-27.145218087238547,2.6803176866488045
431,-26.708740315299075,3.081265575720466
432,-26.12786654850716,3.4400056109571815
433,-25.58686739730949,3.716080205521074
434,-25.234152907303766,3.9352118589010994
435,-24.74769725719574,4.275137657381871
436,-24.24921044610982,4.630874763590474
437,-11.666423985176792,12.263838961793585
438,-11.108057233602109,12.584401992355707
439,-10.654700204630052,12.828596627165899
440,-10.03433491646495,13.166082537440158
441,1.4036875797716915,19.898194930987593
442,1.8063148911912228,20.182321807269574
443,2.3801252114764937,20.609645852227434
444,2.928079953038912,21.05022435530618
445,3.438689630641672,21.407723530029095
446,3.8315116556610915,21.675062469446644
447,15.731700925362865,25.453456967115187
448,15.91068959744728,25.533051733973778
449,16.51818582248905,25.73426952375803
450,-35.24733158617194,-13.105677690485788
451,-34.780319326937104,-12.715212515969512
452,-34.05548638359437,-12.084542894898759
453,-32.98550637964948,-11.251347050344325
454,-32.06642866523066,-10.50937125165806
455,-31.0534430298384,-9.570621862040914
456,-30.34612650865814,-8.79286945995708
457,-28.966940888236323,-6.610823469588363
458,-28.225376908388835,-5.572158334872493
459,-27.651389949790172,-4.838484394310397
460,-27.259786716374457,-4.325227321546654
461,-21.810466366861913,2.5071869060451486
462,-21.108328457857482,3.1439386137021748
463,-19.933030787609248,4.0868350592909435
464,-19.196502487200156,4.641221166112507
465,-16.965989546677203,6.694184127310624
466,-16.138229511531843,7.421049595744618
467,-6.018660789637202,13.659571407763965
468,-3.870776462843311,14.727764548268093
469,-2.8318011866087356,15.358410381744704
470,-0.12439875648412341,18.04817179331154
471,5.716023132274201,21.69139091420375
472,7.075894810912157,22.22444800348812
473,7.497784208637974,22.395455329609696
474,12.136545635079353,24.35351101225598
475,12.585617570818707,24.856461593895244
476,13.34537775771305,25.41339907444667
477,20.192868647707126,26.892132834290784
478,20.413848936175857,26.97842815878696
479,23.859250624833294,26.62417950238809
480,-36.99181218387175,-14.847972629741133
481,-36.774512231037015,-14.803963106963883
482,-36.42625583467456,-14.725939506387665
483,-32.186877140141895,-7.455930935195927
484,-31.978056833078526,-7.0547318805488395
485,-31.574589719628694,-6.39141828773495
486,-31.22337508567223,-5.777712694739095
487,-30.50982434815137,-4.537495967944443
488,-29.986535092616485,-3.8391827086378947
489,-29.39259350460001,-3.1144510311509936
490,-28.868637574426963,-2.534296738776532
491,-28.174525235386884,-1.9013982270679322
492,-20.968736769286263,5.55056426211373
493,-20.273054992224463,6.050376138266222
494,-19.643979281011816,6.489412539019784
495,-18.691061656149657,7.197001838043194
496,-17.85118310531937,7.924702848647193
497,-5.891707780433166,14.71147484676233
498,-4.965712571718087,15.215761638013536
499,-2.267180626606363,16.471138649182027
500,-1.5064446882420695,17.019850713667623
501,5.804725464936447,23.40486998095484
502,6.039338611143426,23.57720468698926
503,9.290733534476978,24.42561551698383
504,9.923533193689183,24.554626514132163
505,10.962568630398838,24.97667067527257
506,18.562308914963122,26.96253133239904
507,21.552802820390376,27.724129901340007
508,22.453969667370757,27.48873103781701
509,24.70262677092032,27.056472360338464
510,-33.95758995654938,-13.952599674719933
511,-33.47519213786626,-13.536988708109389
512,-32.813324034459626,-12.952058786385518
513,-31.976035951642586,-12.275233063985468
514,-30.959709976854906,-11.318233527199478
515,-30.016624139624227,-10.38970716379234
516,-29.054489217406463,-9.42695564432176
517,-27.443201058582808,-7.716914734407423
518,-26.414888329710823,-6.437343497145784
519,-25.760717736217305,-5.382707335148485
520,-25.322426150018334,-4.6488251365272895
521,-21.62102974925333,0.3189899277442872
522,-21.07573503570126,0.8265403257618488
523,-18.619332009198533,3.01647748461972
524,-17.961486024075704,3.4997449477055858
525,-16.331664566517016,5.055555653698096
526,-14.754568765103972,6.174123007764159
527,-4.955038673513454,12.420121140377496
528,-3.1780481365081714,13.358059309808807
529,-2.214040456623252,13.723671576081868
530,1.6145565214611581,15.432306515428655
531,4.161140497247644,16.930461956315863
532,8.288188128647938,19.285430736978586
533,9.137749021417154,19.465976877625618
534,10.144239419655973,19.591367018035257
535,13.009855885009026,20.112062927773007
536,14.174229665656863,20.517049291602536
537,18.913265383647982,22.30903078243704
538,19.548131690049168,22.487542853255228
539,22.48102533958467,22.824453939583552
540,-28.489662975596204,-15.997988806296831
541,-28.327625672057124,-15.619699361909202
542,-28.030342989529565,-14.999890855388367
543,-27.67373829012587,-13.964351781858149
544,-27.28217594652409,-13.081166387338646
545,-26.611466235780355,-11.820239652192628
546,-26.216397745224338,-11.170525258064831
547,-24.387674073669633,-7.106722100154002
548,-23.81859326977935,-6.469389571969929
549,-23.071003430036328,-5.706845400668528
550,-22.59839087499698,-5.200802388319374
551,-19.18464314125671,-1.689419580160139
552,-18.61596329575508,-1.0253989740902243
553,-16.224507498947506,2.134048589434176
554,-15.854028371430823,2.562811976010648
555,-13.911685077153658,4.894875048216626
556,-13.084607020286063,5.678971604944571
557,-4.062013431765076,12.115300277390356
558,-2.4327386748054347,12.866613553645365
559,1.2756749826645017,14.639405837389136
560,3.5633905963249246,16.0708888588149
561,8.675668826906653,18.116626035705824
562,9.223293173293374,18.272557357399858
563,11.483717527055761,19.49451253216647
564,12.420467599284779,19.684788498884352
565,14.664651765459386,20.396581786500985
566,19.18238962036184,21.508952663837437
567,19.821388304230496,21.863828746908396
568,22.063685743471666,22.64244471626494
569,22.833271573247803,22.393537749060904
570,-23.62081789080787,-15.590276838505332
571,-23.47997534752972,-15.351554815437746
572,-23.126080404770374,-14.711505149690359
573,-22.794586922125674,-14.096881847464426
574,-22.477353493824985,-13.504849423885071
575,-22.04091786144175,-12.71915894210066
576,-21.64663993755769,-12.064895729511052
577,-21.07588650873723,-11.223993706431907
578,-20.484302025320552,-10.369310892603792
579,-20.022992635056276,-9.758969204332075
580,-19.50257618175864,-9.085677372087476
581,-18.73275869051245,-8.12704972257969
582,-18.135458166348723,-7.393822718132277
583,-17.699219675329243,-6.868711262445747
584,-17.419989094165878,-6.526223001882919
585,-9.155064565739965,7.465952539659628
586,-8.756423287721375,7.89367037660519
587,-7.857949032192312,8.803486799838604
588,-7.158483592543011,9.457980182002604
589,-6.850459205236894,9.721202075495091
590,7.332253411200017,14.103494641368862
591,8.176653697267955,14.562356518741932
592,8.784566749608983,14.90654134308741
593,9.446918326475908,15.262032168058287
594,10.103642154240793,15.5845172398731
595,14.636593627494845,17.793041078973662
596,15.56734658293937,18.36855016553061
597,16.93253359302634,19.330121939202066
598,17.143441622049924,19.462872492691638
599,21.50845041387216,21.686290528187307
600,-31.962599918303955,-15.250787379562222
601,-31.47237913026855,-14.992485130138645
602,-31.027072908569316,-14.416344576908399
603,-30.407548340390093,-13.600087014591823
604,-29.694109619317057,-12.599503663540496
605,-28.82021391108911,-11.522116372848089
606,-28.30445364391641,-10.914689806080542
607,-25.770637287428023,-8.820719850995744
608,-25.370868247237095,-8.376055396487923
609,-20.730159537658476,-4.732454433242406
610,-20.246187972849018,-4.179434631554134
611,-19.516145693480144,-3.4955814192841395
612,-16.75021803417876,-0.5776306692027665
613,-16.21855665938736,0.3023304523436704
614,-15.704669800365016,1.1358044958522795
615,-13.724708050754675,3.718286115871141
616,-12.997819236344966,4.737395340643192
617,-4.30146808610244,11.398176916127262
618,-1.6683039560678439,12.43839717453997
619,-0.5719549236290261,12.993793076213118
620,3.5599338200137693,15.090723317563054
621,6.939972974768188,18.366801165076684
622,7.213513512490261,18.392054554267624
623,11.121843716731776,21.429973976436106
624,11.349725446626493,21.494310353470663
625,19.645424943647356,24.969379142169082
626,20.265157747784993,25.006490322394285
627,21.661423778660417,24.966906570639146
628,23.035544139239857,25.015951730377008
629,24.072197681248138,24.56374075956511
630,-16.49814262832213,-29.83213610016999
631,-16.330889296255968,-29.563527633025426
632,-16.05848073271521,-29.073227444428124
633,-15.648572363643622,-28.45364129892086
634,-15.249433540025287,-27.883995944051666
635,-14.747245367677172,-27.202293238422634
636,-14.270021325974355,-26.608458996206068
637,-13.729295820642603,-25.986090102969825
638,-12.282672631917523,-24.253604537215462
639,-11.952254791319392,-23.606233853332178
640,-11.712606481676092,-23.055965307671844
641,-15.59391199177638,-3.057883984838616
642,-15.178008332713116,-2.3746002265980404
643,-14.559197304628901,-1.3775575349115912
644,-14.029489261916579,-0.5940835292827792
645,-13.035996508494078,0.892400097119056
646,-12.364337500721176,1.7612909810038049
647,-2.764517896554014,8.304817191628695
648,-1.6540679252310764,8.94251656320969
649,-0.7710961434166765,9.389332612234755
650,0.3456234186903577,9.894775989151919
651,24.253347655015546,9.464099473295317
652,24.712503876468926,9.668166348080634
653,25.65734730687352,10.193982878463105
654,26.59935227378111,10.751722936090427
655,27.83422432863568,11.59765175286173
656,28.359975378063243,12.045433714617394
657,30.785504728706194,15.828416992552933
658,30.81697832504208,15.919721465655456
659,25.226141691552858,25.925827662712138
660,-27.235451934452364,-16.96891781585809
661,-27.015273354323934,-16.678119758296027
662,-26.736879514151894,-16.187412995316926
663,-26.28071215072532,-15.233102357183757
664,-26.021932375467678,-14.559736034813163
665,-25.719634809446486,-13.693561714338351
666,-25.506260874449058,-13.17271784912766
667,-23.99163936231825,-9.078684508272037
668,-23.53525386441074,-8.495117241953466
669,-23.01583098530245,-7.9478730500691634
670,-22.442903023035917,-7.323405132054577
671,-20.573482074740827,-1.3995467644061446
672,-19.24642780826174,0.10460075640055486
673,-18.635406121012412,0.7674949245145167
674,-18.062594968053965,1.427570940951968
675,-15.674229345041093,3.9407765531449606
676,-15.023133117661105,4.605275069450675
677,-4.043084077531041,10.417593017754392
678,-2.8757850954257154,11.242376072752979
679,-2.079944887151766,11.643592100964064
680,0.39229951070333113,13.361107993178704
681,4.803415704698553,15.710389108854578
682,6.335521810387393,16.65001212472429
683,7.640671567378495,17.142830558965237
684,10.555905034398956,17.756362918046033
685,11.425453073958183,17.971865642126456
686,12.382297444595187,18.24753297856302
687,16.780581513251683,21.740609446500063
688,16.968536601194412,21.824411354703322
689,20.295151005608414,23.089823413031766
690,-13.233207919923693,-32.39784703327503
691,-12.953123106214246,-31.877434165859427
692,-12.720451731232638,-31.146861600058017
693,-12.216275787421651,-30.40263415292454
694,-11.996043053814597,-29.516345046423126
695,-11.555067819459445,-28.337730085187957
696,-11.23684208722171,-27.45770855214862
697,-10.704645468854533,-26.240808829296142
698,-10.371999065294476,-25.284252566384037
699,-9.780953028420274,-23.9823161529414
700,-9.216884430380693,-23.265257970938382
701,-8.706145869675359,-22.31445162866173
702,-13.060250314536876,-3.0843005949984104
703,-12.763985499403269,-2.1982408121352544
704,-12.379827347830473,-1.3259663275150815
705,-11.485699582211044,0.014141956309901066
706,-10.72060995300863,1.0896409216451106
707,-2.2908993121406165,6.5331135214799065
708,-0.92696898385849,6.999541080504025
709,0.24802123272156584,7.649325458475036
710,1.4450153502740273,8.233027811571832
711,25.028289747615908,7.518919394463794
712,25.802515581960904,7.797214079456001
713,27.47047753700833,8.24140351816893
714,28.393545024422092,8.722028267767854
715,30.00996785619283,10.180596111396467
716,30.90069736079255,11.284339884484849
717,32.550304321688344,13.737474629642179
718,32.823662254661116,14.115646086438565
719,26.2445890343336,25.090273472785793
720,-12.942709070882614,-32.72819939999735
721,-12.138202039507942,-32.23876621469488
722,-11.911333128656592,-31.548020349082947
723,-11.46142941331973,-30.77614077204461
724,-11.278283748900337,-29.699166295848283
725,-10.934335519452649,-28.70376207655789
726,-10.55588124915182,-27.636857365505147
727,-10.160874892035423,-26.3590006951814
728,-9.741841604416779,-25.53535670554361
729,-8.80986108840332,-24.63344273397929
730,-8.272528220324622,-23.73529439537044
731,-7.995980199099004,-22.789634605625633
732,-12.458672027242072,-3.27874091556837
733,-12.325928480473255,-2.3025805286068506
734,-11.978780041654865,-1.400578201437458
735,-11.252535666450449,0.25196827256315524
736,-10.49708803536441,1.2449454412183327
737,-2.2394501796980806,6.544452841523366
738,-0.7080985395536223,6.980165515319402
739,0.5085113416803628,7.759109144426518
740,1.803780022624188,8.318770632400533
741,25.503413200447234,7.241352990031454
742,26.196781726783314,7.534449813465045
743,27.593527221093844,8.558923792410779
744,28.588599040011758,9.340207764041015
745,30.350890060630046,10.782482501694384
746,31.630263792833993,12.6178560853003
747,32.690556378150326,14.504980955085742
748,32.85930877159015,14.852599546191582
749,26.244127583042243,24.666942948193523
750,-11.208783351742873,-15.104573461545518
751,-10.723568411173405,-15.117744759297604
752,-9.977741377468686,-15.337518413468665
753,-9.383080575018274,-15.347179779600982
754,-9.015072204180099,-15.336946582862042
755,-8.693931978154362,-14.535194252474415
756,-8.418375467613302,-13.98731146617701
757,-7.8744432293307645,-13.513863828253728
758,-7.587747398146038,-13.08198457288773
759,-7.3782595942401255,-12.494636876298294
760,-7.113051044839251,-11.8839468310856
761,-6.788294650288638,-11.090544513876296
762,-6.4398309307793795,-10.319316094217134
763,-6.1854032102139636,-9.822293603432138
764,-5.77549392159958,-9.028945107865908
765,-5.48527882464098,-8.358690443377268
766,-3.7284209362174296,-2.1482242079592506
767,-3.2791911917802103,-1.203254536478945
768,-2.8767927623969753,-0.5389844782574238
769,-2.3639605380490365,0.1657101408490458
770,-2.0814632633654324,0.5081628695208579
771,25.04265356423751,13.157704686556993
772,25.353631606983896,13.98770122498664
773,25.497766483127528,14.257394260044457
774,25.771709319831647,14.882302382169893
775,26.902847488932895,17.070490786116256
776,27.213879932098273,18.212753036907166
777,27.426539355391018,22.535721002711156
778,26.93084853675318,23.379134018925697
779,26.23238385158548,23.671035462277395
780,-11.48175893896384,-14.639240129421237
781,-11.257737898094847,-14.382129230005392
782,-11.190776080884731,-13.809185578378132
783,-11.745352587371267,-11.511982299621183
784,-11.733528452601195,-11.242742876176761
785,-10.79650043738356,-11.67272541018093
786,-10.358389173124092,-11.828438390135021
787,-10.419039030088458,-10.951099587406842
788,-10.443955840825508,-10.302793070745361
789,-10.603263906284958,-9.735119318947653
790,-10.01154153529038,-9.56775911101972
791,-9.585787410702537,-9.055010760924388
792,-9.285012154587156,-8.611903951247639
793,-9.082749184664971,-7.9508239435303105
794,-8.677178701364836,-7.58341787552668
795,-8.161606743686006,-6.987492227917447
796,-7.419647657772607,-6.138869282432862
797,-6.742413880325075,-5.2683804592625405
798,-6.29977400580006,-4.682237426149529
799,-5.88653653556016,-4.15570704833647
800,-5.618453282435101,-3.8268101304827744
801,23.036175597940705,15.571879559468101
802,23.387730638799027,15.758980224984441
803,23.987887416011326,16.157071397633157
804,24.48526560646834,16.620569920765792
805,25.43631967188357,17.597885914960784
806,25.869005013376185,18.138731049508337
807,26.91614706532323,19.79602717569012
808,27.049712132315545,20.52224292412363
809,27.040766213032413,21.04268527489432
810,-21.437745865473545,-17.5040470690589
811,-21.208601051578515,-17.273879181070146
812,-20.886880025922526,-16.939797247478115
813,-20.4893709387707,-16.52287359711238
814,-19.83938885933118,-15.689339264130558
815,-19.510361123338175,-15.25716540227373
816,-18.93350410180109,-14.467334725289625
817,-18.375232840444884,-13.65438293299693
818,-17.982132004007596,-13.051107637380245
819,-17.711415370381484,-12.634644772744858
820,-17.186314467442624,-11.87633487994602
821,-16.852298557544213,-11.380351089584755
822,-7.738329171050139,2.273745582041756
823,-7.618483945179991,2.76969849555768
824,-7.447050852895166,3.358435764800256
825,-7.131128235569955,4.079447177120736
826,-6.806069553751695,4.573765947926376
827,5.07468757964738,8.434158319005922
828,5.531217153332847,8.976969294382505
829,5.860227955298615,9.295163252994318
830,10.919692248826333,13.056381097698045
831,11.677496137051397,13.613969931290255
832,12.36113357445454,14.085175538560451
833,13.164828955477851,14.600344179787426
834,13.761579249319668,14.944724683895004
835,18.519273666047567,17.784891557251683
836,19.223853690391216,18.39490783347816
837,19.792348139897527,18.861322434928887
838,22.229260694560914,20.44459260224566
839,22.836432331055175,20.780788813556867
840,-8.170092758349355,-34.49168751645685
841,-8.126153914481474,-34.132413560413
842,-7.858036121471891,-33.51015336609955
843,-7.370593986879071,-32.58123720100103
844,-7.0707901575828105,-31.874675069191998
845,-6.70231367930167,-31.010440689718887
846,-6.004715573959699,-29.43783760654799
847,-5.684412495272864,-28.662537542147174
848,-5.403196092850664,-27.834988522043943
849,-5.06292499917627,-26.889888633586917
850,-4.915292315786883,-26.12698371203008
851,-4.60401190970813,-25.193333268048995
852,9.303064416411072,-21.523439519415255
853,10.022463111182823,-21.035799630695426
854,10.738725380221595,-20.56708070564477
855,12.008118338023614,-19.744096734487094
856,12.88616104296495,-18.927496418039762
857,20.265192037979272,-11.282522077166755
858,21.11557866630239,-10.207862070054352
859,21.644115953305533,-9.388772971042023
860,22.62856197070742,-8.218236123944367
861,27.281850176675793,5.685179093001789
862,27.846533704399867,6.081907909775957
863,28.70667940753756,6.705787021339168
864,30.01233298086523,7.6775067141434885
865,30.76388796151653,8.34669924913317
866,32.83271509458938,10.411151820352792
867,33.759022159381985,11.439013666345982
868,36.280204740022334,12.807335410831096
869,38.207670039016776,13.426180077498236
870,0.5548875426889658,-8.332319018300563
871,0.6595145616797649,-8.123739558152257
872,0.8103646281696468,-7.8196014437865315
873,1.1049335839426673,-7.154136059199149
874,1.3804965895267622,-6.939137735602355
875,1.6074343600322576,-6.595409065433221
876,1.8906711425165563,-6.123171023585001
877,2.3031582136340596,-5.671918491195166
878,2.595848012277938,-5.292833697868746
879,2.910847511024272,-4.940035509700647
880,3.25719703267874,-4.570633494054763
881,3.75665266694612,-4.041465690383719
882,4.2489520186227745,-3.521277237664583
883,4.684491935758831,-3.0643626354060816
884,5.010165129053992,-2.718815943056789
885,5.590688281256649,-2.0819261286996564
886,6.16072707033867,-1.4203858629000172
887,6.969260409905729,-0.41355716750797766
888,7.506819771149774,0.3242939337009096
889,7.868919105460669,0.8415503863848482
890,8.303727936077811,1.4045469819664218
891,15.770752482650119,2.627931645473175
892,16.075602822596064,2.943524264305545
893,16.53078476484003,3.46443475986949
894,16.947458081187182,3.9742660101019145
895,17.427195542519737,4.555223566751045
896,17.866194217831907,5.186780626861049
897,18.948423646903674,6.723460197627152
898,19.19633875114091,7.1453698894070525
899,19.49630204302787,7.788186072826174
900,-6.620214622296294,-35.19113490889914
901,-6.491084115238236,-34.68894305145643
902,-6.243388847534431,-34.06201686830475
903,-6.06534157699193,-33.14389428438038
904,-5.813740201423909,-32.26721201576609
905,-5.470093750884621,-31.33563592422036
906,-5.097084554094713,-30.52234998717135
907,-4.651527127155387,-29.23308302948504
908,-4.269380830771011,-28.277566876879806
909,-3.9329428441736725,-27.39410027089516
910,8.296118742565952,-23.88166902241217
911,8.804854726004383,-23.60018995438032
912,10.129985718960103,-23.04114738454111
913,11.151607964751568,-22.659440504326668
914,11.64390572424557,-22.183375567480685
915,13.516120068202264,-20.37585441099043
916,14.080575348101156,-19.737547067631382
917,20.819509885422413,-12.539323044656474
918,22.557797864600037,-11.316808079711857
919,23.061916372333638,-10.830372957685757
920,23.820329876897,-9.263542184242695
921,28.30307215657383,4.406084774180245
922,28.646723229354258,4.831409140586746
923,29.594224173881894,5.742073303921575
924,30.317423175429767,6.496125115700917
925,32.0526829968461,8.233342735795965
926,33.36262448241815,9.744440035519501
927,35.875872269787706,12.058342187912249
928,37.270062462361466,12.360090308512858
929,38.61308515000391,12.97392516989351
930,1.2027363652391792,-14.91429923994691
931,1.3794865842575974,-14.49519589697882
932,1.5281044543599835,-13.928742685888102
933,1.8380449158455185,-13.36514021137511
934,2.1674352697380375,-12.850906083872008
935,2.863586744280679,-12.26813259384008
936,3.3731393580887965,-11.746963295137709
937,4.231292436507519,-10.983601344662516
938,4.694642282904196,-10.373926184687033
939,5.146458820464385,-9.841066705563955
940,5.8447975355421855,-9.145321775510414
941,6.532649469986094,-8.247422879353726
942,7.112241601786854,-7.388939736037499
943,7.544218162771109,-6.624738912933302
944,7.956480508111634,-5.848489651782145
945,8.501506738652797,-4.816442580365948
946,8.988778294499202,-3.68633368634878
947,9.569768680657596,-2.1125530886988164
948,9.895204747380099,-0.9324783157357219
949,10.150296714380666,0.10297460453465147
950,10.560498664650712,1.9230416133025925
951,10.905698454690782,3.3765674990214465
952,11.102245621565745,4.20533969242027
953,11.483838070204884,5.0290295453055425
954,12.024126327676889,5.829446280411209
955,12.622940896013674,6.637211469267674
956,13.748032744124155,7.639952743144318
957,15.181766848216526,8.9451719752743
958,15.562023585730707,9.206888253948552
959,16.937479266200043,9.638730984354622
960,-3.835403296740894,-36.496487301744274
961,-3.5638962992065517,-36.24737798183632
962,-3.041392961781176,-35.82846549698524
963,-2.490523118608623,-35.33133048874977
964,-1.9110552510392242,-34.806149894306515
965,-1.2439718484593403,-34.221375147037264
966,1.686372288430978,-32.12826551021939
967,2.3896473475306355,-31.597770035680064
968,6.080923003089764,-29.066937923586487
969,6.803204052152399,-28.663396387225397
970,7.581211942727647,-28.12419721729915
971,10.185401236970604,-26.353995793115864
972,12.341542410931426,-24.97938708455102
973,13.277380091273466,-24.33713693853198
974,14.071367771381873,-23.66095771243128
975,15.693732414161639,-21.88470467928115
976,16.495305756985964,-20.872951595940084
977,22.811147374212396,-14.585597591547787
978,23.34476217755154,-13.587214400566072
979,23.62701324922516,-12.914698135110006
980,28.121504065334165,-7.896207647926902
981,29.27432964052547,-4.979883463901794
982,29.469286512922828,-4.079555166501048
983,29.50951222323711,-2.651808441787434
984,32.39128237647548,4.6016943118688385
985,32.97205163199206,5.52134225197372
986,33.545986526290896,6.561882746852761
987,36.02504918480636,10.482775795034144
988,36.221615068737094,10.626341156624214
989,39.053769264549736,12.297038923720836
990,2.267091123651845,-15.315431301507452
991,2.8426659498964684,-15.023960149295808
992,3.052203369475182,-14.508923534732668
993,3.3187020170301906,-13.943548301500801
994,3.6128738554588775,-13.38308554060752
995,4.525360769807306,-12.765905255258781
996,5.0224731198446,-12.240567696343971
997,5.696031326379002,-11.636201018498186
998,6.316597786525729,-10.945669628430267
999,6.646769697347129,-10.38964409605463
1000,7.082794421287768,-9.676092795370213
1001,7.648874066783562,-8.706286348105296
1002,8.278505772934055,-7.732556953637575
1003,8.893716696720182,-6.743589058054475
1004,9.271441457828024,-5.909203835265349
1005,9.622699644929968,-4.920459049699759
1006,10.047980122315515,-3.6113126894163052
1007,10.438983578850198,-2.0478088492710893
1008,10.661225631232472,-0.5591028734869807
1009,10.809149121415505,0.5331225419120453
1010,11.182578426972379,2.0237633524377663
1011,11.992969568884828,3.775404749237604
1012,12.32561228680516,4.498135164791362
1013,12.695646726375545,5.13273730547602
1014,13.392897380071638,5.977744408629806
1015,13.882574616478223,6.765503460126493
1016,14.892354077212936,7.864623468002177
1017,16.136178071231313,8.686700130827852
1018,16.6757434943811,9.09643886854119
1019,17.967819358992898,9.353108022649733
1020,-3.6462579900414607,-39.86382386924068
1021,-3.4167581912272618,-40.01346772671451
1022,-2.927166318570139,-40.30650031809036
1023,-2.7330208772644853,-40.92033888349212
1024,-2.4721214659637196,-41.46447662833307
1025,-2.323661882991353,-41.69573070589091
1026,4.338082151735448,-31.650935442096365
1027,5.229926583657657,-30.862783798986026
1028,5.6335279181341695,-30.590766923818858
1029,9.508222203332576,-28.254431729832408
1030,10.151272806171184,-27.860251642673262
1031,11.323787847249271,-26.941198872782376
1032,12.357003462070665,-26.182693270264014
1033,16.051439635911297,-24.07572401606563
1034,16.43439965344931,-23.684151598155037
1035,17.173462720191377,-22.935507257728997
1036,18.131815497877863,-20.643034742524573
1037,24.53153737357979,-13.99627942401345
1038,24.877313636324022,-12.999448187894671
1039,25.24232099915849,-11.88666788261044
1040,28.446920595819872,-6.247169221695836
1041,31.422985916259297,-0.5557281714775313
1042,31.698582868593522,0.03514184110335609
1043,31.910613574247826,0.4321289402164402
1044,35.39795070669012,3.060445408637111
1045,36.11458443685807,3.664103491710129
1046,38.733801743432124,6.983841541704854
1047,39.94414549419161,10.351363231883864
1048,40.630025832227176,11.586500431911332
1049,41.47254434550624,12.293568592620122
1050,1.4028756204334312,-39.698746153166105
1051,1.497218503073621,-39.38251475819166
1052,1.7845095826913642,-38.6195888837618
1053,2.1096507089767127,-37.831018588475
1054,2.4930722819622297,-36.98213365626291
1055,2.954042114414897,-36.114910610316585
1056,3.775552515231592,-34.29266412123171
1057,4.160330138767517,-33.66314218407088
1058,7.097623177297782,-30.583620747464117
1059,7.743971530632517,-29.982883661991128
1060,8.653655182259088,-29.392074307386885
1061,11.79693898861024,-28.102909454650668
1062,12.747048548511092,-27.320552394333532
1063,13.927068397073175,-25.57570984806204
1064,14.5283945428177,-24.973860604924546
1065,16.43956994250638,-22.379424768304922
1066,17.335176957796175,-21.53967139225304
1067,23.12530149157995,-16.359538421244416
1068,24.044823916832588,-15.680324224938817
1069,24.613299888704972,-15.221115281728027
1070,28.958220250038828,-8.95623809640329
1071,30.042804607341274,-6.525620859200259
1072,30.248892768937097,-5.869842361674296
1073,30.384374364972135,-3.479134021628939
1074,30.54918488455755,-2.4770002237790907
1075,30.69169615495196,-1.7873996041309559
1076,34.34922121905622,3.755947896044371
1077,40.58947608876679,4.451223867477178
1078,40.729086855572675,4.626569041164573
1079,41.02416322560823,10.475865814058261
1080,-0.2271110241300795,-38.67909937073937
1081,0.06408367024794044,-38.34357610884203
1082,0.3408494193313351,-37.743030003724236
1083,0.7224914685258534,-36.9739559391032
1084,1.134082655714815,-36.29399259938097
1085,2.108320179067428,-35.06863201116522
1086,2.565208351242321,-34.5950909789179
1087,6.0410988453417955,-33.31781223499871
1088,6.561373732673574,-32.98474639218348
1089,7.451283199547789,-32.46124054852642
1090,8.998786439653378,-31.81129017401245
1091,9.703636248164827,-31.368413572005142
1092,14.502459883167193,-27.616923193362243
1093,14.9283149282416,-27.189896201245862
1094,15.407833576605912,-26.771346320511828
1095,18.803917524163527,-22.394132572471165
1096,19.13222781620406,-21.776559956473434
1097,21.89506076255455,-17.523150646929633
1098,26.288453466023068,-13.007330250533663
1099,26.77198607051702,-12.044063557104348
1100,27.17878645082684,-11.347632452167012
1101,31.929621899467918,-4.932578866881776
1102,32.01802629043474,-4.701709419886159
1103,33.62703401821656,1.3761347627722413
1104,33.758171969317075,1.6299927532200635
1105,35.1294060936326,5.350678734864243
1106,35.48337378576858,5.777180559058206
1107,38.70621166051841,8.325190059881871
1108,38.89650438043474,8.588625621715018
1109,40.12957535898666,11.101219340356774
1110,4.932556097552038,-43.19600453389049
1111,5.055577419389819,-42.71747637969879
1112,5.455190636853122,-42.24222829878841
1113,5.9794921562352235,-41.625347899219
1114,6.522474426119259,-40.96862909193467
1115,7.135137137117779,-40.067787711543765
1116,7.518552603894409,-39.489295465422096
1117,11.008703575042611,-35.32353139797308
1118,11.478216577966048,-34.68642524981659
1119,11.96145530499665,-34.034344258462085
1120,12.430279325654732,-33.427458254737246
1121,13.750580951709761,-31.6175435672578
1122,14.502526392260357,-30.738715264418474
1123,15.19953166405027,-30.020994726638087
1124,15.66835075728459,-29.614704287502
1125,21.489479867858247,-22.098116942365657
1126,21.968779655215965,-21.56871586624795
1127,23.97791528560452,-18.519718565167395
1128,24.815723705739344,-17.53389406565703
1129,25.278631109067717,-16.93497414403026
1130,30.304207864187422,-9.560531071008691
1131,31.490208702048832,-7.997012931527413
1132,31.96166006411699,-7.53783201426155
1133,32.90942098765393,-7.003147092038902
1134,33.56960100563674,-6.740796992683812
1135,38.70863470334629,-0.98081116771625
1136,39.07423340548071,-0.2544668978233038
1137,42.0357849301592,3.8823941438683285
1138,42.16334222320419,4.1043399495060555
1139,44.350910691960216,6.572746676246761
1140,3.847916496008086,-16.23245185286833
1141,4.119351991969269,-16.019395801854078
1142,4.253620954327602,-15.499336264433987
1143,4.993864769516743,-15.096149502054875
1144,5.3142792882863406,-14.592611641777749
1145,5.718748951912612,-14.03640528127757
1146,6.11588279236345,-13.461738600154732
1147,6.826763923966207,-12.627208634775728
1148,7.401296636554002,-11.88984076074911
1149,7.878736888737742,-11.16180437052798
1150,8.251091710643442,-10.422428311770128
1151,8.811792320386498,-9.328721766048277
1152,9.391165084450021,-8.207636552203883
1153,9.853802164766838,-7.252898091922742
1154,10.202708688112631,-6.442570753722403
1155,10.612914010282598,-5.157140715218273
1156,10.936873147963283,-3.9106964785383287
1157,11.555859993369504,-1.8777675778099425
1158,11.953803301038414,-0.594171704300973
1159,12.287051699010798,0.3228947876386224
1160,12.842512550473955,1.414446518806842
1161,13.67518111882926,2.669539788270498
1162,14.15538963161178,3.340759798056819
1163,14.515979350540748,3.850682689920133
1164,15.124872456502574,4.691058832425379
1165,15.793675874210575,5.507365290892509
1166,16.552193438370914,6.300625671016834
1167,17.07947823216596,6.794519281691617
1168,18.150332787498193,7.759411812176313
1169,18.601643288700906,8.077200041796981
1170,3.541573486172828,-39.70629268003997
1171,3.920443942084166,-39.278689898933266
1172,4.187081443523362,-38.92190096462034
1173,4.56822706913642,-38.38795228577088
1174,4.976421581680043,-37.85280943794627
1175,5.530453186413107,-37.17714170862051
1176,6.01531692494998,-36.66274015608388
1177,6.614729728868687,-36.108986914284436
1178,7.1969291868055985,-35.64558595502588
1179,7.756030301115745,-35.24295055650833
1180,8.290549165681327,-34.89913499649664
1181,8.884611895163141,-34.51344561863301
1182,24.367068466425785,-30.929479010294106
1183,24.594245360017048,-30.44392100073576
1184,24.819366342336895,-29.923325550760833
1185,25.219969891191447,-29.012197401859346
1186,25.543770468054408,-28.33192937811022
1187,31.13881096199812,-18.55081488556711
1188,31.359820989898473,-17.82357436488712
1189,31.738701664342294,-17.139142580177193
1190,32.19660575678399,-16.424677570830568
1191,36.68991939095877,-4.8450226431487975
1192,36.83156030423372,-4.294738132158956
1193,36.96247568002714,-3.5476540643809003
1194,37.017329556909196,-3.116432992106965
1195,36.10083081305321,6.627374081949182
1196,36.26552671577621,6.979462045507378
1197,37.08927997326407,8.586592350131538
1198,37.310634455582814,8.947858446011157
1199,38.68672303822901,10.799226215127117
1200,13.215221935259823,-47.42758916298745
1201,13.362588872847006,-47.03700426525496
1202,13.617884708707697,-46.38074127068873
1203,14.344557642227562,-45.60032995060395
1204,14.775625919759763,-44.964886394899835
1205,15.428886845425504,-44.12919940438858
1206,15.960387993116509,-43.48246322131311
1207,16.6841372787374,-41.64025450189458
1208,17.06240285471909,-41.15022707480428
1209,18.39011122355723,-39.83518183910779
1210,19.024569298360603,-39.08068167599876
1211,19.50015354357074,-38.36232167911376
1212,18.46681122248115,-27.915470776883357
1213,18.824268171278856,-26.684356870025567
1214,19.078646642685385,-26.27848709045339
1215,19.745214302871027,-25.331485455506574
1216,20.278257435539004,-24.62312220409681
1217,26.95901849041371,-15.514149212969704
1218,27.435848407300874,-14.869600351530778
1219,28.292201801106213,-13.82114953099497
1220,28.73057239550123,-13.063897112014393
1221,32.77189428768135,-2.740423587727158
1222,32.884705211318185,-2.498561039590474
1223,33.953308247259805,-0.7681176477189722
1224,34.46316345234643,-0.1498520474407748
1225,36.919990602042496,2.7305423648857685
1226,37.781552583290654,3.827566664149024
1227,39.716316881167735,7.326487971879574
1228,41.01741387500005,9.423071115696535
1229,41.86538843481203,10.500716161897875
1230,6.903199821805855,-44.45394751469307
1231,7.154087746045008,-44.00213888560184
1232,7.470709526867185,-43.310812458264365
1233,7.939018109298933,-42.54568478916115
1234,8.528142000454721,-41.65827261597872
1235,9.232556529517211,-40.65178034131025
1236,9.873800574480018,-39.64081383309003
1237,10.416865720556823,-38.84383532475687
1238,10.863507222676523,-38.12888915070905
1239,15.354588861990145,-34.087441108159936
1240,15.803532708749637,-33.58411330245239
1241,16.46047649891556,-32.72869229277663
1242,16.98284713091592,-31.963870926235824
1243,17.437498164805273,-31.26691410033027
1244,17.733315450180935,-30.81027704765418
1245,22.81376223750824,-23.775505908901412
1246,23.132632777672985,-23.144060110435923
1247,25.08755978235001,-19.49442518387865
1248,25.745575695337028,-18.84245834240701
1249,26.19160683650995,-18.418822359243467
1250,34.61132176312151,-10.949661252200642
1251,35.129221343453175,-9.753179778252738
1252,35.6153880028786,-9.034559905244128
1253,36.47862263475091,-8.307920290046106
1254,37.22989361977186,-7.882743283552478
1255,38.127044945088485,-7.4359198076948765
1256,38.72559557775536,-7.147144428546146
1257,43.62009989886268,4.00731708636012
1258,43.74655166204176,4.365727018348694
1259,44.54431806000253,6.576240248432033
1260,9.252716309402583,-45.65102735023336
1261,9.572910353988258,-45.13258104039299
1262,9.885475716051516,-44.532818137521836
1263,10.526690175323768,-43.59818752701578
1264,11.15583391285763,-42.39152636061176
1265,11.757763932325268,-41.356162325054065
1266,12.367707149966131,-39.9299017405628
1267,12.761474402317726,-38.55831861772875
1268,13.083551914292702,-37.68732984326539
1269,13.545189840259063,-36.57148838103491
1270,13.99055660162084,-36.152419643094056
1271,19.89854647480224,-34.14874002997559
1272,20.733397976033938,-33.41964129670735
1273,21.404732023960737,-32.68043205383739
1274,21.959232417680568,-32.06744034799039
1275,26.39504906694703,-24.16352467200617
1276,26.93212440008637,-22.881487526995127
1277,27.77119257835255,-20.99803869303515
1278,28.119994055484238,-19.698900609633558
1279,32.75800093996446,-11.007931663446733
1280,33.253601532973654,-9.783950488542937
1281,39.65249626929607,-4.280677666399337
1282,40.30164818476061,-3.0861652099169388
1283,40.8885277287012,-2.082168838994392
1284,41.34196535009055,-0.7459623362483577
1285,41.860750068971164,1.5378459715336663
1286,42.904489436005385,6.117664808234909
1287,43.890990604732075,7.827472960709031
1288,44.13293160699543,8.283412574821273
1289,44.24269380342331,9.85690844125683
1290,10.716047009697464,-46.542966558099806
1291,10.924050919626485,-46.115189418323865
1292,11.430273039814015,-45.58365202399441
1293,11.997000738238775,-44.92910511725684
1294,12.638774424517193,-44.20895184519886
1295,13.503232633807132,-43.29936198108838
1296,14.053357494230806,-42.223162107493366
1297,14.640308189105596,-41.55944893904896
1298,15.801651386764627,-39.804919474704214
1299,16.35629482319178,-39.23101787655363
1300,16.760384978973505,-38.597185644482096
1301,18.044373472232035,-36.604084071704236
1302,18.49425947595608,-35.803959765297556
1303,20.321916875950144,-29.88398273640468
1304,20.64825378486599,-29.432264360645597
1305,21.17082107652252,-28.921865993812368
1306,24.83007535902937,-22.049234579743175
1307,25.413813724015668,-21.234934953629875
1308,28.16474908195633,-18.05026678060712
1309,28.55480763718843,-17.58905342308456
1310,31.054884898320545,-11.890027116130732
1311,34.47917142697935,-5.357653602621678
1312,34.71689339036959,-4.806549381127901
1313,34.905065392805085,-4.217675356488109
1314,36.33188064678976,-1.6127450812280846
1315,36.722604629900545,-0.6558351468748087
1316,37.185377333364734,0.37767924640002104
1317,38.92511179013666,4.980151372330356
1318,39.10562582876449,5.292813191536339
1319,40.92016087536085,7.993823011770524
1320,8.111432402678647,-45.15585287773016
1321,8.520975936691,-44.66589175708358
1322,8.889225413615389,-43.92060583815256
1323,9.72352626844255,-42.89249046222466
1324,10.23932271342307,-42.09860212923628
1325,10.943035581452092,-41.05199344045324
1326,11.439740863190249,-40.353668038312705
1327,13.562056909502694,-38.71108581089983
1328,14.089870151479563,-37.99057403000626
1329,14.818734692113447,-37.254133292809875
1330,15.404001161672007,-36.56359402158284
1331,19.03803053020987,-33.744456117918595
1332,19.85617202541709,-32.85116655473052
1333,20.534863115759624,-32.10440496976638
1334,20.999079212305375,-31.562658458435315
1335,25.719637209173037,-24.106359767292144
1336,26.349654177316932,-22.961560675000992
1337,27.296029340971742,-20.791891611966076
1338,27.776412012813683,-19.7103777221288
1339,32.622809282678276,-11.539949485036274
1340,33.27973032322715,-9.721689710151466
1341,39.25612859731802,-4.482448336663481
1342,39.700180226392014,-3.511365889367793
1343,40.01586554285985,-2.6687590519925912
1344,40.5740985032,-1.1996907981633798
1345,41.466337254942005,0.9372211149343432
1346,41.89781303539243,2.142788304461321
1347,43.029285585724196,7.361856651141899
1348,43.16613100181314,7.957519541012181
1349,43.72824169683275,9.834354415831841
1350,14.43271215026276,-47.9246011091427
1351,14.955680236307472,-47.57916717788637
1352,15.443323714941934,-47.13517798751422
1353,15.887722376580127,-46.548879425501205
1354,16.40923714423277,-45.87071602950616
1355,17.027019535487952,-44.803958653714886
1356,17.45381563921292,-43.95693070102637
1357,17.975183298820646,-42.87510058037416
1358,18.424744520026668,-42.10826407325927
1359,19.129778912423454,-41.155588320660264
1360,19.64084220577486,-40.45416464659298
1361,20.185486940680345,-39.64641001274953
1362,19.66150525827744,-27.848175033476746
1363,19.98470930374639,-27.354061748370583
1364,20.37335283124904,-26.79696687796669
1365,20.877502617510352,-25.88529581392622
1366,21.350014353845463,-25.192891158996392
1367,28.171907885506936,-15.661854298820844
1368,28.545991124781235,-15.07878475030795
1369,28.929824562198032,-14.344967633062918
1370,29.532394131153396,-13.374496131999797
1371,33.88449595600946,-3.0985071534956146
1372,34.136069610308155,-2.650106725133362
1373,34.55250913086112,-1.7578463862142824
1374,35.30166498871256,-0.9277682679495952
1375,37.22544628897321,1.5791143809686314
1376,37.72734245897471,2.1634734598972316
1377,40.416075511296384,6.525623219012563
1378,40.566041697452945,6.737094084986542
1379,41.73320913516283,9.450095907766702
